match_name,gi_num,present_in_rs_v219
Burkholderia phage phiE12-2 chromosome,NaN,no
Bacillus phage Troll,NaN,no
Morganella phage MmP1,NaN,no
Mycobacterium phage Boomer,NaN,no
Mycobacterium phage Bactobuster,NaN,no
Mycobacterium phage Porky,NaN,no
Staphylococcus phage phiNM1,NaN,no
Mycobacterium phage Dumbo,NaN,no
Cyanophage S-RIM50 isolate RW_29_0704,NaN,no
Mannheimia phage vB_MhS_1152AP2,NaN,no
Mycobacterium phage Makemake,NaN,no
Mycobacterium phage Jasper,NaN,no
Mycobacterium phage Brocalys,NaN,no
Mycobacterium phage Loser,NaN,no
Mycobacterium phage Halo,NaN,no
Acinetobacter phage ZZ1,NaN,no
Salmonella phage SETP7,NaN,no
Pseudomonas phage KPP10,NaN,no
Sulfitobacter phage pCB2047-A,NaN,no
Salmonella phage BPS15Q2,NaN,no
Mycoplasma phage phiMFV1,NaN,no
Staphylococcus phage tp310-2,NaN,no
Methanothermobacter wolfeii prophage psiM100,NaN,no
Gokushovirinae GNX3R,NaN,no
Mycobacterium phage Wildcat,NaN,no
Salmonella phage LSPA1,NaN,no
Vibrio phage nt-1,NaN,no
Mycobacterium phage Astraea,NaN,no
Enterobacteria phage UAB_Phi78,NaN,no
Methanobacterium phage psiM2,NaN,no
Yersinia phage phiR201,NaN,no
Staphylococcus phage tp310-3,NaN,no
Phaeocystis globosa virus virophage,NaN,no
Burkholderia phage Bcep22,NaN,no
Sputnik virophage,NaN,no
Gokushovirinae Fen672_31,NaN,no
Mycobacterium phage Tonenili,NaN,no
Cyanophage P-RSM1,NaN,no
Sulfitobacter phage phiCB2047-B,NaN,no
Vibrio phage eugene 12A10,NaN,no
Burkholderia phage KL3,NaN,no
Stx1 converting phage DNA,NaN,no
Mycobacterium phage KBG,NaN,no
Mycobacterium phage CrimD,NaN,no
Bacteriophage phi-C31,NaN,no
Enterobacteria phage epsilon15,NaN,no
Lactococcus prophage bIL312,NaN,no
Mycobacterium phage Che9d,NaN,no
Name,NaN,no
Corynebacterium phage BFK20,NaN,no
Edwardsiella phage PEi20,NaN,no
Enterobacteria phage T3,NaN,no
Bacillus phage SP10,NaN,no
Staphylococcus phage tp310-1,NaN,no
Yersinia phage phi80-18,NaN,no
Cyanophage P-RSM6,NaN,no
Pseudomonas phage 14-1,NaN,no
Bacillus phage Riley,NaN,no
Natrialba phage PhiCh1,NaN,no
Arthrobacter phage vB_ArS-ArV2,NaN,no
Mycobacterium phage Muddy,NaN,no
Prochlorococcus phage P-SSP7,NaN,no
Klebsiella phage KP36,NaN,no
Mycobacterium phage Catalina,NaN,no
Deep-sea thermophilic phage D6E,NaN,no
Edwardsiella phage MSW-3 DNA,NaN,no
Mycobacterium phage ScottMcG,NaN,no
Halorubrum phage HF2,NaN,no
Enterobacter phage Enc34,NaN,no
Thermus phage P23-77,NaN,no
Cyanophage MED4-117,NaN,no
Mycobacterium phage Pukovnik,NaN,no
Gokushovirinae GAIR4,NaN,no
Mycobacterium phage Xeno,NaN,no
Lactococcus prophage bIL311,NaN,no
Mycobacterium phage Lockley,NaN,no
Ralstonia phage RSY1 DNA,NaN,no
Mycobacterium phage Mindy,NaN,no
Mycobacterium phage Bethlehem,NaN,no
Flavobacterium phage Fpv10,NaN,no
Vibrio phage phi 3,NaN,no
Staphylococcus phage PT1028,NaN,no
Sulfitobacter phage pCB2047-C,NaN,no
Mycobacterium phage Shipwreck,NaN,no
Mycobacterium phage Faith1,NaN,no
Persicivirga phage P12024S,NaN,no
Mycobacterium phage D29,NaN,no
Mycobacterium phage Kostya,NaN,no
Enterobacteria phage JK06,NaN,no
Halocynthia phage JM-2012,NaN,no
Lactococcus phage bIBB29,NaN,no
Mycobacterium phage Bane1,NaN,no
Mycobacterium phage Bxz2,NaN,no
Temperate phage phiNIH1.1,NaN,no
Bacteriophage D3,NaN,no
Staphylococcus phage K,NaN,no
Mycobacterium phage EvilGenius,NaN,no
Mycobacterium phage Mulciber,NaN,no
Lactobacillus phage Lb338-1,NaN,no
Edwardsiella phage KF-1 DNA,NaN,no
Staphylococcus phage 812,NaN,no
Lactococcus prophage bIL310,NaN,no
Mycobacterium phage Panchino,NaN,no
Cyanophage S-TIM5,NaN,no
Klebsiella phage 0507-KN2-1 DNA,NaN,no
Synechococcus phage P60,NaN,no
Mycobacterium phage Che8,NaN,no
Pseudomonas aeruginosa phage PaP3,NaN,no
Staphylococcus phage phiBU01,744692776,yes
Enterobacteria phage P88,744692700,yes
Shigella phage pSf-2,744692564,yes
Escherichia phage Av-05,730984989,yes
Shigella phage pSs-1,730984715,yes
Enterobacteria phage fd strain 478,730977588,yes
Flavobacterium phage Fpv11,730977575,yes
Vibrio phage phi-A318,730966571,yes
Enterobacteria phage phi92,726646933,yes
Ralstonia phage RS603 DNA,725950579,yes
Enterococcus phage EFC-1,725950513,yes
Escherichia phage ECML-4,725950304,yes
Enterobacteria phage J8-65,725950237,yes
Escherichia phage ECML-117,725950134,yes
Listeria phage WIL-1,725950085,yes
Shigella phage Shf125875,725949806,yes
Shigella phage POCJ13,725949701,yes
Bacillus phage CP-51,725949470,yes
Caulobacter phage Cr30,725949165,yes
Klebsiella phage NTUH-K2044-K1-1 DNA,725949105,yes
Staphylococcus phage Team1,725948879,yes
Staphylococcus phage MCE-2014,725948655,yes
Staphylococcus phage phiSa119,725915949,yes
Idiomarinaceae phage Phi1M2-2,722142241,yes
Shewanella sp. phage 1_40,722120956,yes
Dickeya phage RC-2014,713322875,yes
Enterobacteria phage RB27,713322590,yes
Enterobacteria phage GEC-3S,713322580,yes
Enterobacteria phage RB3,713322302,yes
Citrobacter phage Miller,713322012,yes
Enterococcus phage vB_Efae230P-4,712916213,yes
Shewanella sp. phage 3_49,712916126,yes
Enterococcus phage EfaCPT1,712916052,yes
Synechococcus phage S-CBP4,712915997,yes
Shewanella sp. phage 1_44,712915916,yes
Acinetobacter phage vB_AbaM_Acibel004,712915757,yes
Synechococcus phage S-CBP3,712915691,yes
Aeromonas phage pAh6-C,712915603,yes
Shewanella sp. phage 1_41,712915531,yes
Acinetobacter phage vB_AbaP_Acibel007,712915472,yes
Synechococcus phage S-CBP1,712915418,yes
Synechococcus phage S-CBP2,712915364,yes
Yersinia phage vB_YenP_AP5,712915315,yes
Lelliottia phage phD2B,712915255,yes
Escherichia phage ECML-134,712914839,yes
Escherichia phage 121Q,712914205,yes
Mycobacteriophage RedRock,712914056,yes
Salmonella phage 9NA,712913956,yes
Salmonella phage Chi,712913869,yes
Idiomarinaceae phage 1N2-2,712913800,yes
Mycobacterium phage Soto,712913690,yes
Shewanella sp. phage 1_4,712913441,yes
Mycobacteriophage Taj,712913311,yes
Mesorhizobium phagevB_MloP_Lo5R7ANS,712913234,yes
Escherichia phage vB_EcoM-ep3,712913174,yes
Rhizobium phage vB_RleM_P10VF,712912907,yes
Ruegeria phage DSS3-P1,712912802,yes
Rhizobium phage vB_RleM_PPF1,712912693,yes
Staphylococcus phage P108,712912451,yes
Bacillus phage Waukesha92,712912354,yes
Lactobacillus phage Ld3,712912293,yes
Lactobacillus phage Ld17,712912224,yes
Lactobacillus phage Ld25A,712912161,yes
Escherichia phage vB_EcoM_PhAPEC2,682124280,yes
Escherichia phage bV_EcoS_AHP42,682124203,yes
Bacillus phage Bobb,682123955,yes
Vibrio phage ICP2_2013_A_Haiti,682123897,yes
Escherichia phage vB_EcoP_PhAPEC7,682123813,yes
Escherichia phage bV_EcoS_AKS96,682123738,yes
Listeria phage LMTA-148,682123269,yes
Escherichia phage vB_EcoP_PhAPEC5,682123185,yes
Acinetobacter phage YMC-13-01-C62,682123100,yes
Escherichia phage bV_EcoS_AHS24,682123018,yes
Enterobacteria phage EK99P-1,682122955,yes
Pseudomonas phage MP48,682122904,yes
Listeria phage LP-125,573007037,yes
Listeria phage LP-030-2,573007028,yes
Listeria phage LP-037,572730610,yes
Bacillus phage Page,571798128,yes
Lactobacillus phage phiLdb,571798068,yes
Lactobacillus phage phiJB,571797847,yes
Bacillus phage Blastoid,568192042,yes
Salmonella phage Marshall,568191834,yes
Bacillus phage Grass,568191581,yes
Bacillus phage Pony,568191532,yes
Bacillus phage BigBertha,568191240,yes
Bacillus phage Staley,568191126,yes
Bacillus phage Glittering,568191047,yes
Bacillus phage Riggi,568190967,yes
Bacillus phage Spock,568190683,yes
Bacillus phage phiAGATE,565323637,yes
Enterobacteria phage SSL2009a,565323599,yes
Ralstonia phage RSM1,565323596,yes
Staphylococcus phage Sb-1,564292828,yes
Bacillus phage vB_BanS-Tsamsa,564292548,yes
Pseudomonas phage PPpW-3 DNA,564292481,yes
Pseudomonas phage PPpW-4 DNA,564292430,yes
Salmonella phage SETP3,564102869,yes
Lactobacillus phage LL-Ku,564014228,yes
Pseudomonas phage PAK_P1,563448535,yes
Mycobacterium phage Bruin,563399598,yes
Pseudomonas phage PAK_P4,563399370,yes
Mycobacterium phage Zaka,563399268,yes
Mycobacterium phage Jovo,563399183,yes
Mycobacterium phage Bernardo,563399082,yes
Mycobacterium phage HufflyPuff,563398883,yes
Mycobacterium phage Graduation,563398785,yes
Mycobacterium phage Artemis2UCLA,563398672,yes
Mycobacterium phage Nala,563398524,yes
Mycobacterium phage HanShotFirst,563398432,yes
Pseudomonas phage CHA_P1,563398265,yes
Mycobacterium phage Conspiracy,563398178,yes
Pseudomonas phage phiIBB-PAA2,563398039,yes
Pseudomonas phage PAK_P3,563397873,yes
Mycobacterium phage PhatBacter,563397724,yes
Enterobacteria phage 4MG,563397452,yes
Pseudomonas phage PAK_P2,563397275,yes
Pseudomonas phage PAK_P5,563397110,yes
Mycobacterium phage CloudWang3,563397006,yes
Staphylococcus phage S25-3 DNA,561133277,yes
Staphylococcus phage S25-4 DNA,561133064,yes
Ralstonia phage RSB3 DNA,560186125,yes
Burkholderia phage JG068,560186075,yes
Ralstonia phage RSK1 DNA,560186020,yes
Staphylococcus phage phiRS7,560185957,yes
Streptococcus phage phiBHN167,557745636,yes
Bacillus phage CampHawk,557478762,yes
Streptococcus phage TP-778L,557428123,yes
Staphylococcus phage YMC_09_04_R1988,557308055,yes
Lactobacillus phage PL-1,557307993,yes
Lactobacillus phage J-1,557307926,yes
Mycobacterium phage Fredward,557307743,yes
Salmonella phage SETP13,557307672,yes
Cyanophage PP,557307628,yes
Enterobacteria phage fiAA91-ss,557307584,yes
Shigella phage SfIV,557307526,yes
Vibrio phage VPUSM 8,557307474,yes
Pseudomonas phage MPK6,557307421,yes
Erwinia phage FE44,557307365,yes
Propionibacterium phage PHL111M01,543171632,yes
Propionibacterium phage PHL113M01,543171587,yes
Propionibacterium phage PHL114L00,543171540,yes
Propionibacterium phage Enoki,543171494,yes
Propionibacterium phage PHL060L00,543171447,yes
Propionibacterium phage PHL071N05,543171401,yes
Propionibacterium phage PHL010M04,543171355,yes
Propionibacterium phage PHL067M10,543171309,yes
Propionibacterium phage PHL112N00,543171262,yes
Mycobacterium phage Quink,543171015,yes
Mycobacterium phage PhrostyMug,543170916,yes
Mycobacterium phage Adawi,543170817,yes
Mycobacterium phage Dylan,543170498,yes
Mycobacterium phage Sarfire,543170398,yes
Escherichia phage 2 JES-2013,543170177,yes
Staphylococcus phage JS01,538397808,yes
Pseudomonas phage PaBG,530787714,yes
Bacillus phage Wip1,530787679,yes
Pseudomonas phage MPK7,530787625,yes
Staphylococcus phage vB_SauM_Remus,530787450,yes
Mycobacterium phage AnnaL29,530787059,yes
Mycobacterium phage LittleCherry,530786971,yes
Myobacteriophage Goku,530786827,yes
Mycobacterium phage Crossroads,530547290,yes
Mycobacteriophage Wheeler,530547193,yes
Mycobacterium phage Jabbawokkie,530547084,yes
Mycobacteriophage Daenerys,530546981,yes
Mycobacterium phage Wanda,530546800,yes
Mycobacterium phage Redno2,530546568,yes
Mycobacterium phage Contagion,530546427,yes
Mycobacterium phage Sneeze,530546329,yes
Myobacteriophage Phelemich,530546233,yes
Mycobacterium phage Trouble,530546138,yes
Mycobacterium phage KayaCho,530546042,yes
Mycobacteriophage Velveteen,530545941,yes
Mycobacterium phage DrDrey,530545796,yes
Myobacteriophage Adzzy,530545699,yes
Mycobacterium phage Catdawg,530545570,yes
Mycobacterium phage Hamulus,530545464,yes
Mycobacterium phage Bobi,530545356,yes
Myobacteriophage Papyrus,530545183,yes
Mycobacterium phage Whirlwind,530545054,yes
Streptococcus phage SP-QS1,526246099,yes
Paenibacillus phage phiIBB_Pl23,526245010,yes
Puniceispirillum phage HMO-2011,526244935,yes
Staphylococcus phage SA13,526244872,yes
Lactococcus phage BM13,526244816,yes
Lactococcus phage jm2,526244756,yes
Shigella phage SfII,526244636,yes
Lactococcus phage phi7,526244578,yes
Lactococcus phage jm3,526244525,yes
Lactococcus phage 340,526244466,yes
Lactococcus phage P680,526241733,yes
Cellulophaga phage phi14:2,526178634,yes
Cellulophaga phage phi12a:1,526178379,yes
Cellulophaga phage phi39:1,526178330,yes
Cellulophaga phage phi13:2,526178202,yes
Cellulophaga phage phi10:1,526178095,yes
Staphylococcus phage SA12,526178036,yes
Cellulophaga phage phi46:1,526177981,yes
Cellulophaga phage phi19:1,526177866,yes
Cellulophaga phage phi17:2,526177667,yes
Cellulophaga phage phi12:2,526177653,yes
Cellulophaga phage phi38:1,526177551,yes
Cellulophaga phage phi17:1,526177484,yes
Cellulophaga phage phi18:3,526177357,yes
Cellulophaga phage phi48:2,526177323,yes
Cellulophaga phage phi46:3,526177198,yes
Cellulophaga phage phi12:1,526177130,yes
Cellulophaga phage phi18:1,526177061,yes
Cellulophaga phage phi19:3,526176928,yes
Cellulophaga phage phi4:1,526176726,yes
Listeria phage LP-110,526176488,yes
Salmonella phage iEPS5,526176405,yes
Flavobacterium phage 6H,526120135,yes
Ralstonia phage RSS20 DNA,526120125,yes
Ralstonia phage RSS30 DNA,526120121,yes
Bacillus phage phiNIT1 DNA,526118413,yes
Salmonella phage FSL SP-004,526003613,yes
Salmonella phage FSL SP-058,526003444,yes
Salmonella phage FSL SP-076,525972736,yes
Salmonella phage FSL SP-088,525972436,yes
Salmonella phage FSL SP-030,525972353,yes
Salmonella phage Jersey,525972166,yes
Vibrio phage vpms1,525972083,yes
Salmonella phage FSL SP-031,525971974,yes
Stenotrophomonas phage phiSMA7 proviral,514361131,yes
Serratia phage Eta,514361045,yes
Vibrio phage VFJ,514361032,yes
Mycobacterium phage Leo,514360972,yes
Vibrio phage pYD38-B,514231540,yes
Rhizobium phage RR1-A,514231471,yes
Prochlorococcus phage P-SSM3,514231256,yes
Paenibacillus phage PG1,514231188,yes
Rhizobium phage RR1-B,514231135,yes
Vibrio phage JA-1,514052000,yes
Mycobacterium phage Job42,514051825,yes
Mycobacterium phage Jobu08,514051739,yes
Mycobacterium phage BTCU-1,514051665,yes
Alteromonas phage vB_AmaP_AD45-P1,514051544,yes
Cronobacter phage CR5,514051312,yes
Halorubrum phage CGphi46,514051256,yes
Synechococcus phage S-IOM18,514051046,yes
Vibrio phage pYD38-A,514050968,yes
Synechococcus phage S-CAM8 strain S-CAM8 06008BI06,514050763,yes
Escherichia phage Lw1,510953439,yes
Mycobacterium phage ArcherS7,509142397,yes
Rhodococcus phage E3,509142176,yes
Mycobacterium phage Gizmo,509141934,yes
Burkholderia phage ST79,509141608,yes
Streptomyces phage Zemlya,509141363,yes
Mycobacterium phage Chy4,509141289,yes
Acinetobacter phage AB3,509141259,yes
Bacillus phage MG-B1,509141216,yes
Mycobacterium phage WIVsmall,509141026,yes
Staphylococcus phage StauST398-3,509140939,yes
Shigella phage pSf-1,509140844,yes
Staphylococcus phage StauST398-1,509140090,yes
Clostridium phage vB_CpeS-CP51,509140039,yes
Mycobacterium phage CASbig,509139941,yes
Staphylococcus phage StauST398-2,509139878,yes
Mycobacterium phage Chy5,509139383,yes
Salmonella phage L13,509139354,yes
Acinetobacter phage Abp1,509139299,yes
Salmonella phage Chi,509139223,yes
Mycobacterium phage Phaux,508180789,yes
Mycobacterium phage Newman,508180468,yes
Mycobacterium phage Phrux,508180091,yes
Mycobacterium phage HINdeR,508179906,yes
Mycobacterium phage Severus,508179825,yes
Mycobacterium phage Murphy,508179165,yes
Streptomyces phage Sujidade,508178941,yes
Mycobacterium phage Fishburne,508178429,yes
Mycobacterium phage SiSi,508178111,yes
Pseudoalteromonas phage RIO-1,508178009,yes
Mycobacterium phage PegLeg,508177859,yes
Streptomyces phage Lika,508177721,yes
Mycobacterium phage PattyP,508177514,yes
Pseudomonas phage UFV-P2,496838603,yes
Xanthomonas phage CP1 DNA,482849224,yes
Vibrio phage henriette 12B8,481019622,yes
Cyanophage Syn30,481019412,yes
Vibrio phage martha 12B12,481019146,yes
Vibrio phage douglas 12A4,481019069,yes
Vibrio phage helene 12B3,481018805,yes
Mycobacterium phage vB_MapS_FF47,479336577,yes
Pseudomonas phage Phi-S1,479336529,yes
Mycobacterium phage Butters,479336462,yes
Enterobacteria phage JL1,476572429,yes
Bacillus phage PM1 DNA,472438250,yes
Leuconostoc phage P793,472438181,yes
Aeromonas phage Aes012,472437937,yes
Staphylococcus phage vB_SauM_Romulus,472437772,yes
Mycobacterium phage First,472437676,yes
Bacillus cereus bacteriophage vB_BceM_Bc431v3,472437437,yes
Listeria phage vB_LmoM_AG20,472437258,yes
Leuconostoc phage phiLN04,472437218,yes
Prochlorococcus phage P-GSP1,472343459,yes
Cyanophage S-SSM4,472343238,yes
Prochlorococcus phage P-SSP3,472343184,yes
Cyanophage SS120-1,472343131,yes
Vibrio phage VBP32,472342987,yes
Synechococcus phage S-RIP1,472342931,yes
Rhodovulum phage RS1,472342874,yes
Cyanophage KBS-P-1A,472342816,yes
Vibrio phage PWH3a-P1,472342352,yes
Cellulophaga phage phiSM,472342165,yes
Synechococcus phage S-RIM2 R1_1999,472341954,yes
Cyanophage KBS-S-2A,472341456,yes
Loktanella phage pCB2051-A,472341379,yes
Synechococcus phage S-SKS1,472340845,yes
Vibrio phage VBM1,472340788,yes
Pseudoalteromonas phage pYD6-A,472340688,yes
Vibrio phage VBP47,472340572,yes
Cyanophage MED4-184,472340512,yes
Vibrio phage pYD21-A,472340437,yes
Cyanophage MED4-213,472340220,yes
Salicola phage CGphi29,472340155,yes
Vibrio phage 11895-B1,472339958,yes
Cellulophaga phage phiST,472339853,yes
Psychrobacter phage pOW20-A,472339781,yes
Rhodobacter phage RC1,472339668,yes
Synechococcus phage S-RIP2,472339613,yes
Synechococcus phage S-CAM1,472339381,yes
Prochlorococcus phage P-SSP10,472339117,yes
Rhodobacter phage RcapNL,461474957,yes
Vibrio phage VvAW1,460042888,yes
Synechococcus phage S-RIM8 A.HR1,460042674,yes
Pelagibacter phage HTVC008M,460042436,yes
Pelagibacter phage HTVC019P,460042372,yes
Pelagibacter phage HTVC011P,460042324,yes
Pelagibacter phage HTVC010P,460042257,yes
Bacillus phage Finn,460042176,yes
Bacillus phage Curly,460042095,yes
Bacillus phage Andromeda,460042012,yes
Bacillus phage Eoghan,460041934,yes
Salmonella phage S16,456351087,yes
Klebsiella phage KP27,448260543,yes
Escherichia phage phAPEC8,448260273,yes
Cronobacter sakazakii phage vB_CskP_GAP227,448260223,yes
Dickeya phage vB_DsoM_LIMEstone1,448259945,yes
Xanthomonas citri phage CP2 DNA,448245173,yes
Klebsiella phage JD001,448245104,yes
Pseudomonas phage JBD24,448245045,yes
Pseudomonas phage JBD5,448244985,yes
Pectobacterium phage phiTE,448244742,yes
Pseudomonas phage JBD88a,448244686,yes
Staphylococcus phage phi7401PVL DNA,448244641,yes
Pseudomonas phage JBD30,448244584,yes
Lactobacillus phage AQ113,446730228,yes
Streptococcus phage TP-J34,444475874,yes
Serratia phage phiMAM1,440789269,yes
Sphingomonas phage PAU,435844510,yes
Agrobacterium phage 7-7-1,435844340,yes
Enterobacteria phage mEp237,435439265,yes
Pseudomonas phage KPP12 DNA,431811082,yes
Cronobacter phage ENT39118,431811043,yes
Erwinia phage ENT90,431810934,yes
Helicobacter phage KHP40 DNA,431810901,yes
Tetrasphaera phage TJE1,431810834,yes
Erwinia phage phiEaH2,431810571,yes
Helicobacter phage KHP30 DNA,431810540,yes
Cronobacter phage ENT47670,431810493,yes
Erwinia amylovora phage phiEa100,431810441,yes
Clostridium phage phi8074-B1,431810358,yes
Pseudomonas phage AF,431810292,yes
Enterobacteria phage Hgal1,431810287,yes
Staphylococcus phage phi5967PVL DNA,431810244,yes
Enterobacteria phage C-1 INW-2012,431810239,yes
Pseudomonas phage vB_PaeM_C2-10_Ab1,431809933,yes
Burkholderia phage BcepMigl,431809857,yes
Lactobacillus phage ATCC 8014-B1,431809796,yes
Staphylococcus phage StB20,431809730,yes
Staphylococcus phage StB27,431809676,yes
Pseudomonas phage PaP1,431809518,yes
Bacillus phage vB_BtS_BMBtp2,431809464,yes
Salmonella phage SKML-39,431809199,yes
Yersinia phage phiR1-RT,431808936,yes
Pseudomonas phage vB_PaeP_p2-10_Or1,429315958,yes
Enterobacteria phage HK542,428783345,yes
Enterobacteria phage HK106,428783279,yes
Enterobacteria phage HK544,428783215,yes
Staphylococcus phage JD007,428782997,yes
Escherichia phage ADB-2,428782918,yes
Enterobacteria phage HK578,428782857,yes
Enterobacteria phage HK630,428782787,yes
Vibrio phage vB_VpaM_MAR,428782724,yes
Enterobacterial phage mEp390,428782664,yes
Enterobacterial phage mEp213,428782589,yes
Enterobacteria phage HK633,428782521,yes
Enterobacteria phage vB_EcoS_Rogue1,428782446,yes
Enterobacteria phage HK225,428782376,yes
Enterobacteria phage mEp460,428782316,yes
Enterobacterial phage mEp234,428782254,yes
Enterobacteria phage HK446,428782193,yes
Vibrio phage vB_VpaS_MAR10,428782085,yes
Enterobacteria phage HK629,428782011,yes
Enterobacteria phage HK140,428781939,yes
Enterobacteria phage mEpX1,428781872,yes
Enterobacteria phage mEp235,428781810,yes
Enterobacteria phage M,428781805,yes
Enterobacteria phage mEp043 c-1,428781735,yes
Enterobacteria phage mEpX2,428765613,yes
Liberibacter phage SC2,423262507,yes
Liberibacter phage SC1,423262466,yes
Ralstonia phage RSS0,423262453,yes
Salmonella phage SPN3UB,423262377,yes
Aeromonas phage Aes508,423262092,yes
Pectobacterium phage PP1,423262043,yes
Acinetobacter phage YMC_09_02_B1251_ABA_BP,423261980,yes
Salinivibrio phage CW02,423261909,yes
Salmonella phage vB_SenS-Ent1,423261846,yes
Aeromonas phage CC2,423261416,yes
Salmonella phage PhiSH19,422937778,yes
Vibrio phage pVp-1,422937620,yes
Aeromonas phage phiAS7,422937568,yes
Aeromonas phage vB_AsaM-56,422937484,yes
Enterobacteria phage vB_KleM-RaK2,422936890,yes
Bdellovibrio phage phi1422,422936813,yes
Clostridium phage phi24R,422936709,yes
Pectobacterium phage ZF40,422936640,yes
Escherichia phage phiKT,422936608,yes
Vibrio phage vB_VchM-138,422936540,yes
Enterobacteria phage vB_EcoM-FV3,422936321,yes
Bacillus phage BCD7,422935955,yes
Erwinia phage vB_EamP-S6,422935839,yes
Staphylococcus phage SMSAP5,422935796,yes
Helicobacter phage 1961P,422935762,yes
Staphylococcus phage SA11,422935575,yes
Erwinia phage vB_EamP-L1,422935523,yes
Cronobacter phage ESP2949-1,422935477,yes
Clostridium phage phiCP34O,422935424,yes
Campylobacter phage CP21,422935113,yes
Clostridium phage phiCP13O,422935057,yes
Escherichia phage wV7,422934783,yes
Erwinia phage vB_EamM-Y2,422934690,yes
Enterobacteria phage ime09,422934421,yes
Bacillus phage phIS3501,422934297,yes
Enterobacteria phage IME10,422934269,yes
Enterobacteria phage Bp7,422934005,yes
Clostridium phage phiCP26F,422933946,yes
Riemerella phage RAP44,418489849,yes
Lactobacillus phage Sha1,418489788,yes
Salmonella phage RE-2010,418489681,yes
Lactobacillus phage LF1,418489383,yes
Enterobacter phage EcP1,418489303,yes
Vibrio phage CP-T1,418489187,yes
Lactobacillus phage JCL1032,418489109,yes
Haemophilus phage SuMu,418489035,yes
Pantoea phage LIMElight,418488941,yes
Caulobacter phage phiCb5,418488936,yes
Escherichia phage PhaxI,418488631,yes
Pseudomonas phage NH-4,418488446,yes
Pseudomonas phage JG004,418488227,yes
Lactobacillus phage c5,418488152,yes
Staphylococcus phage GH15,418487912,yes
Brucella phage Pr,418487835,yes
Brucella phage Tb,418487685,yes
Escherichia phage TL-2011b,418487627,yes
Synechococcus phage S-MbCM6,418487384,yes
Synechococcus phage metaG-MbCM1,418487144,yes
Escherichia phage TL-2011c,418487051,yes
Pseudomonas phage JG024,418486896,yes
Enterobacter phage IME11,414090494,yes
Clostridium phage phiMMP04,414090442,yes
Clostridium phage phiMMP02,414090365,yes
Streptococcus phage phiNJ2,414090203,yes
Salmonella phage SPN19,414090130,yes
Stenotrophomonas phage IME15,414090084,yes
Streptomyces phage R4,414089985,yes
Caulobacter phage CcrSwift,414089586,yes
Caulobacter phage CcrKarma,414089228,yes
Caulobacter phage CcrRogue,414088861,yes
Caulobacter phage CcrMagneto,414088509,yes
Caulobacter phage CcrColossus,414088056,yes
Caulobacter phage phiCbK,414087713,yes
Enterobacteria phage vB_EcoS_ACG-M12,414087634,yes
Enterobacteria phage vB_EcoP_ACG-C91,414087577,yes
Cronobacter phage vB_CsaP_GAP52,414087461,yes
Cronobacter phage vB_CsaM_GAP32,414086915,yes
Cronobacter phage vB_CsaM_GAP31,414086645,yes
Enterobacteria phage vB_EcoM_ACG-C40,414086362,yes
Cronobacter phage vB_CsaM_GAP161,414086086,yes
Bacillus phage B4,408905858,yes
Campylobacter phage CP30A,408905856,yes
Bacillus phage BCP78,408905855,yes
Escherichia phage vB_EcoP_GA2A,408905854,yes
Bacillus phage BPS13,408905852,yes
Bacillus phage Bastille,408905851,yes
Enterobacteria phage HX01,408905850,yes
Escherichia phage LM33_P1,408905849,yes
Streptomyce phage TG1,408905848,yes
Propionibacterium phage P100D,408905847,yes
Propionibacterium phage ATCC29399B_C,408905846,yes
Propionibacterium phage P105,408905844,yes
Streptomyces phage SV1,408905843,yes
Propionibacterium phage ATCC29399B_T,408905842,yes
Escherichia phage P13374,408905841,yes
Propionibacterium phage P104A,408905840,yes
Salmonella phage SSU5,408905838,yes
Propionibacterium phage P1.1,408905837,yes
Propionibacterium phage P101A,408905836,yes
Propionibacterium phage P100_1,408905835,yes
Propionibacterium phage P14.4,408905834,yes
Propionibacterium phage P100_A,408905833,yes
Pectobacterium phage My1,408905832,yes
Streptomyces phage phiHau3,408905831,yes
Enterobacteria phage NJ01,408905830,yes
Propionibacterium phage P9.1,408905829,yes
Providencia phage Redjac,408905827,yes
Listeria phage P70,408905826,yes
Pseudomonas phage tf,403225042,yes
Cronobacter phage phiES15,401817563,yes
Burkholderia phage DC1,401723014,yes
Staphylococcus phage vB_SepiS-phiIPLA7,399529119,yes
Burkholderia phage AH2,399529040,yes
Pseudomonas phage MP1412,399528962,yes
Staphylococcus phage vB_SepiS-phiIPLA5,399528895,yes
Celeribacter phage P12053L,399528838,yes
Salmonella phage vB_SosS_Oslo,399528758,yes
Burkholderia phage KL1,399528702,yes
Croceibacter phage P2559S,399528633,yes
Pseudomonas phage MP42,399528579,yes
Leuconostoc phage Lmd1,399528538,yes
Persicivirga phage P12024L,399528479,yes
Weissella phage phiYS61,399528370,yes
Marinomonas phage P12026,399528315,yes
Staphylococcus phage SpaA1,399498862,yes
Salmonella phage vB_SemP_Emek,399498791,yes
Streptococcus phage YMC-2011,399498678,yes
Thermoanaerobacterium phage THSA-485A,397912605,yes
Streptococcus phage SMP,393707861,yes
Colwellia phage 9A,392973229,yes
Enterococcus phage BC-611,392972768,yes
Bacillus phage BtCS33,392972710,yes
Clostridium phage phiZP2,392972682,yes
Clostridium phage phiCPV4,392972653,yes
Salmonella phage SPN9CC,389060488,yes
Xanthomonas phage vB_XveM_DIBBI,389060400,yes
Clostridium phage phiCP7R,389060373,yes
Bacillus phage PBC1,389060322,yes
Cronobacter phage CR3,389059862,yes
Pseudomonas phage Lu11,388684650,yes
Acinetobacter bacteriophage AP22,388570767,yes
Salisaeta icosahedral phage 1,388570709,yes
Clostridium phage PhiS63,388570630,yes
Mycobacterium phage SWU1,388570523,yes
Escherichia phage bV_EcoS_AKFV33,388570360,yes
Staphylococcus phage TEM123,388570316,yes
Pseudomonas phage vB_Pae-Kakheti25,388542659,yes
Pseudomonas phage vB_Pae-TbilisiM32,387935429,yes
Enterococcus phage EF62phi,384519756,yes
Salmonella phage SE2,375267221,yes
Bacteroides phage B124-14,374671600,yes
Erwinia phage PEp14,374531848,yes
Synechococcus phage S-CBS4,374531742,yes
Pseudomonas phage vB_PaeS_PMG1,374531645,yes
Pseudomonas phage Bf7,374531598,yes
Pseudomonas phage phi297,374531244,yes
Salmonella phage SPN1S,374531191,yes
Salmonella phage SS3e,373231359,yes
Rhodococcus phage REQ1,372450032,yes
Rhodococcus phage REQ3,372449971,yes
Rhodococcus phage RER2,372449904,yes
Rhodococcus phage REQ2,372449821,yes
Rhodococcus phage RRH1,372449800,yes
Rhodococcus phage RGL3,372449733,yes
Cyanophage NATL2A-133,372217834,yes
Cyanophage NATL1A-7,372217768,yes
Cyanophage 9515-10a,372217712,yes
Cyanophage P-SSP2,372217655,yes
Nocardia phage NBR1,372217586,yes
Escherichia phage vB_EcoM_CBA120,372199367,yes
Pseudomonas phage OBP,371671369,yes
Helicobacter phage phiHP33,371671341,yes
Staphylococcus phage S24-1,371671319,yes
Bacillus phage W.Ph.,371671060,yes
Campylobacter phage CPX,371670910,yes
Vibrio phage SIO-2,371496326,yes
Shigella phage EP23,371496268,yes
Planktothrix phage PaV-LD,371496125,yes
Stenotrophomonas phage phiSHP2,363542401,yes
Salmonella phage PVP-SE1,363539522,yes
Gordonia phage GRU1,359802358,yes
Gordonia phage GTE5,359802265,yes
Gordonia phage GTE7,358356850,yes
Yersinia phage phiR1-37,358356482,yes
Vibrio phage VCY-phi,358356470,yes
Mycobacterium phage Giles,358356445,yes
Rhodobacter phage RcapMu,356870838,yes
Synechococcus phage S-CBS1,356870794,yes
Pediococcus phage clP1,356870736,yes
Escherichia phage HK75,356870677,yes
Escherichia phage HK639,356870600,yes
Salmonella phage SFP10,351518443,yes
Burkholderia phage BcepIL02,347750411,yes
Escherichia phage vB_EcoP_G7C,345461828,yes
Salmonella phage 7-11,345461107,yes
Thermus phage TMA,343960381,yes
Pantoea phage LIMEzero,338827142,yes
Bdellovibrio phage phi1402,338826915,yes
Gordonia phage GTE2,338826857,yes
Enterobacteria phage K30,338826807,yes
Synechococcus phage S-CRM01,333798163,yes
Clostridium phage phiCD38-2,333798107,yes
Campylobacter phage NCTC12673,332672312,yes
Vibrio phage CTX chromosome I,332672294,yes
Roseobacter phage RDJL Phi 1,331028054,yes
Synechococcus phage S-CBS3,331028007,yes
Synechococcus phage S-CBS2,331027904,yes
Shigella phage Shfl2,330858525,yes
Shigella phage Shfl1,330858444,yes
Propionibacterium phage PAD20 endogenous virus,330858398,yes
Propionibacterium phage PAS50 endogenous virus,330858351,yes
Brochothrix phage BL3,327409390,yes
Ralstonia phage PE226,327198628,yes
Erwinia phage phiEt88,327198559,yes
Pseudoalteromonas phage H105_1,327198506,yes
Erwinia phage phiEa104,327198387,yes
Streptococcus phage Dp-1,327198314,yes
Burkholderia phage KS14,327198269,yes
Enterococcus phage EFRM31,327198098,yes
Burkholderia phage KS5,327197998,yes
Lactococcus phage 949,327197843,yes
Brochothrix phage A9,327197643,yes
Brochothrix phage NF5,327197584,yes
Salmonella phage Vi01,326804500,yes
Prochlorococcus phage P-SSM7,326784440,yes
Synechococcus phage S-SSM5,326784214,yes
Prochlorococcus phage Syn1,326783979,yes
Synechococcus phage S-SSM7,326783659,yes
Synechococcus phage Syn19,326783443,yes
Prochlorococcus phage Syn33,326783215,yes
Prochlorococcus phage P-HM2,326782972,yes
Prochlorococcus phage P-RSM4,326782732,yes
Synechococcus phage S-SM1,326782497,yes
Synechococcus phage S-ShM2,326782266,yes
Prochlorococcus phage P-HM1,326782024,yes
Synechococcus phage S-SM2,326781756,yes
Salmonella phage Vi06,326633040,yes
Enterobacteria phage SPC35,326632894,yes
Pseudomonas phage phiIBB-PF7A,326536907,yes
Clostridium phage phiCD6356,326536847,yes
Aeromonas phage 65,326536409,yes
Acinetobacter phage 133,326536151,yes
Enterobacteria phage 285P,326536103,yes
Tsukamurella phage TPA2,326425018,yes
Pseudomonas phage phi15,326424956,yes
Vibrio phage ICP3,325171272,yes
Vibrio phage ICP2,325171199,yes
Vibrio phage ICP1,325170966,yes
Salmonella phage ST160,318065901,yes
Mycobacterium phage Wee,318065792,yes
Enterobacteria phage vB_EcoM-VR7,314121562,yes
Prochlorococcus phage P-SSM4,312281391,yes
Prochlorococcus phage P-SSM2,312281379,yes
Acinetobacter phage Acj9,311993272,yes
Enterobacteria phage CC31,311992992,yes
Acinetobacter phage Acj61,311992750,yes
Acinetobacter phage Ac42,311992494,yes
Aeromonas phage phiAS5,310722466,yes
Aeromonas phage phiAS4,310722194,yes
Shigella phage SP18,308814351,yes
Staphylococcus phage SAP-26,304443238,yes
Enterobacteria phage RB16,304373555,yes
Mycobacterium phage LeBron,304360949,yes
Mycobacterium phage Angelica,304360758,yes
Clostridium phage phiCTP1,304360662,yes
Enterobacteria phage IME08,299778956,yes
Streptomyces phage phiSASD1,298103485,yes
Klebsiella phage KP15,294661423,yes
Klebsiella phage KP34,294661411,yes
Mycobacterium phage Ardmore,291084859,yes
Pseudomonas phage LUZ7,282599392,yes
Shigella phage phiSboM-AG3,282599175,yes
Deftia phage phiW-14,282598938,yes
Pseudomonas phage LIT1,282598847,yes
Clavibacter phage CMP1,282598772,yes
Enterococcus phage phiEf11,282598706,yes
Mycobacterium phage Peaches,282598606,yes
Enterococcus phage phiFL2A,281416490,yes
Enterococcus phage phiFL4A,281416434,yes
Streptococcus phage Abc2,281416385,yes
Enterococcus phage phiFL1A,281416323,yes
Klebsiella phage KP32,281416278,yes
Enterococcus phage phiFL3A,281416213,yes
Vibrio phage N4,281416165,yes
Mycobacterium phage ET08,281415946,yes
Pseudomonas phage phi-2,281306659,yes
Escherichia phage D108,281199644,yes
Sodalis phage SO-1,273810554,yes
Xylella phage Xfas53,273810419,yes
Streptococcus phage ALQ13.2,273809728,yes
Aggregatibacter phage S1249,273809542,yes
Pseudomonas phage phi2954 segment L,269838911,yes
Ralstonia phage RSL1,269838879,yes
Staphylococcus phage P954,257136356,yes
Synechococcus phage S-RSM4,255928922,yes
Salmonella phage c341,255252682,yes
Burkholderia phage KS9,255033713,yes
Cyanophage PSS2,254729462,yes
Enterobacteria phage St-1,242346741,yes
Streptococcus phage M102,242345571,yes
Mycobacterium phage Angel,239590011,yes
Staphylococcus phage phiPVL-CN125,239507361,yes
Vibrio phage VEJphi,238821372,yes
Streptococcus phage PH10,238821317,yes
Streptococcus phage 5093,238801880,yes
Enterobacteria phage WV8,238801731,yes
Xanthomonas phage phiL7,238695587,yes
Enterobacteria phage JS10,238695156,yes
Enterobacteria phage JSE,238694878,yes
Roseophage DSS3P2,237651540,yes
Roseophage EE36P1,237651460,yes
Lactococcus phage P087,229604969,yes
Vibrio phage VP93,229604924,yes
Enterobacteria phage RB14,228861315,yes
Enterobacteria phage RB51,228860932,yes
Thermus thermophilus phage IN93,227811306,yes
Enterococcus phage EFAP-1,225626377,yes
Pseudomonas phage phikF77,225626323,yes
Pseudomonas phage phi2954 segment S,223869191,yes
Pseudomonas phage phi2954 segment M,223869186,yes
Mycobacterium phage Phlyer,222435670,yes
Salmonella phage epsilon34,221328618,yes
Erwinia phage phiEa21-4,219681259,yes
Salmonella enterica bacteriophage SE1,219681191,yes
Lactobacillus phage Lv-1,219563197,yes
Pseudomonas phage PB1,219523869,yes
Pseudomonas phage SN,218457801,yes
Bacillus phage TP21-L,216905965,yes
Pseudomonas phage MP29,215479976,yes
Pseudomonas phage MP38,215479924,yes
Staphylococcus phage phiSauS-IPLA88,215401171,yes
Staphylococcus phage phiSauS-IPLA35,215401108,yes
Stenotrophomonas phage S1,213163898,yes
Kluyvera phage Kvp1,212671382,yes
Bacteriophage APSE-2,212499705,yes
Bacillus phage AP50,211956446,yes
Bacillus phage SPO1,209972829,yes
Ralstonia phage RSM3,209901313,yes
Clostridium phage phiCD27,209901237,yes
Pseudomonas phage PAJU2,209552419,yes
Stx2-converting phage 1717,209447126,yes
Enterobacteria phage YYZ-2008,209427726,yes
Staphylococcus phage phi2958PVL,209363552,yes
Clostridium phage 39-O,208429855,yes
Listeria phage P40,207270774,yes
Mycobacterium phage Ramsey,206600181,yes
Mycobacterium phage Pacc40,206600079,yes
Mycobacterium phage Konstantine,206599983,yes
Mycobacterium phage Fruitloop,206599880,yes
Mycobacterium phage Troll4,206599795,yes
Mycobacterium phage Gumball,206599706,yes
Mycobacterium phage Brujita,206599544,yes
Mycobacterium phage Cali,204305660,yes
Mycobacterium phage Solon,203463359,yes
Mycobacterium phage Spud,203460520,yes
Mycobacterium phage Rizal,203457352,yes
Mycobacterium phage Myrna,203454602,yes
Bacteroides phage B40-8,200003956,yes
Burkholderia phage KS10,198449262,yes
Ralstonia phage RSB1,197935853,yes
Listeria phage A511,197322500,yes
Bacillus phage IEBH,197261511,yes
Pseudomonas phage LMA2,197261417,yes
Pseudomonas phage LBL3,197261329,yes
Iodobacteriophage phiPLPE,197085614,yes
Lactobacillus phage Lrm1,195661200,yes
Pseudomonas phage PT2,195546701,yes
Mycobacterium phage Phrann,195546641,yes
Rhizobium phage 16-3,195546530,yes
Mycobacterium phage Phaedrus,194303197,yes
Bacillus phage phi29,194186868,yes
Escherichia coli bacteriophage rv5,194172859,yes
Mycobacterium phage Predator,194100609,yes
Mycobacterium phage Nigel,194100514,yes
Yersinia phage Yepe2,194100467,yes
Klebsiella phage K11,194100415,yes
Enterobacteria phage 13a,194100359,yes
Enterobacteria phage EcoDS1,194100305,yes
Enterobacteria phage BA14,194100252,yes
Mycobacterium phage DD5,192823813,yes
Streptococcus phage PH15,190151415,yes
Pseudomonas phage 201phi2-1,189490161,yes
Salmonella phage phiSG-JL2,189427193,yes
Staphylococcus phage phiMR25,189427122,yes
Enterobacteria phage EPS7,182682799,yes
Lactococcus phage 1706,182637477,yes
Enterobacteria phage G4,176120944,yes
Enterobacterio phage MS2,176120924,yes
Enterobacteria phage Min27,170783609,yes
Salmonella phage E1,170676276,yes
Enterobacteria phage Fels-2,169936017,yes
Lactobacillus johnsonii prophage Lj771,169794178,yes
Salmonella phage Fels-1,169257155,yes
Lactococcus phage asccphi28,168983473,yes
Azospirillum phage Cd,168495103,yes
Streptococcus phage 858,168229273,yes
Halomonas phage phiHAP-1,167832345,yes
Pseudomonas phage LUZ19,167600442,yes
Pseudomonas phage LUZ24,167600373,yes
Enterobacteria phage phiEco32,167583555,yes
Synechococcus phage syn9,162290187,yes
Staphylococcus phage phiMR11,162290107,yes
Pseudomonas phage YuA,162135082,yes
Enterobacteria phage JS98,161622381,yes
Enterobacteria phage phiEcoM-GJ1,161617915,yes
Thalassomonas phage BA3,160700594,yes
Enterobacteria phage PRD1,159192286,yes
Aeromonas phage phiO18P,158518661,yes
Pseudomonas phage LKA1,158345134,yes
Pseudomonas phage LKD16,158345023,yes
Enterococcus phage phiEF24C,158079296,yes
Pseudomonas phage MP22,157834972,yes
Mycobacterium phage U2,157786393,yes
Staphylococcus phage SAP-2,157738587,yes
Listeria phage A006,157325422,yes
Listeria phage P35,157325365,yes
Listeria phage B054,157325284,yes
Listeria phage B025,157325217,yes
Listeria phage A500,157324960,yes
Enterobacteria phage Phi1,157311299,yes
Mycobacterium phage Tweety,157311189,yes
Streptococcus phage P9,157311135,yes
Lactococcus phage KSY1,157311004,yes
Corynebacterium phage P1201,157310906,yes
Thermus phage P74-26,157265412,yes
Thermus phage P23-45,157265294,yes
Bacillus phage 0305phi8-36,156563990,yes
Ralstonia phage p12J,156535141,yes
Escherichia phage phiV10,155370093,yes
Actinomyces phage Av-1,151266287,yes
Burkholderia phage BcepNY3,149882900,yes
Microbacterium phage Min1,149882781,yes
Lactobacillus phage LL-H,148750834,yes
Phormidium phage Pf-WMP3,148747799,yes
Burkholderia phage phi644-2 chromosome,148747798,yes
Enterobacteria phage TLS,148734472,yes
Xanthomonas phage Xop411,148727181,yes
Propionibacterium phage PA6,148727082,yes
Cyanophage Syn5,148724443,yes
Staphylococcus phage 80alpha,148717842,yes
Burkholderia phage BcepGomr,146329912,yes
Ralstonia phage phiRSA1,145708074,yes
Burkholderia phage phiE255 chromosome,134288788,yes
Burkholderia phage phiE202 chromosome,134288739,yes
Clostridium phage phiC2,134287335,yes
Streptococcus phage phi3396,126011062,yes
Burkholderia ambifaria phage BcepF1,126010934,yes
Vibrio phage VP882,126010846,yes
Erwinia amylovora phage Era103,125999960,yes
Geobacillus phage GBSV1,124300942,yes
Staphylococcus phage phiETA3,122891784,yes
Staphylococcus phage phiETA2,122891714,yes
Staphylococcus phage PH15,119967833,yes
Staphylococcus phage CNPH82,119953678,yes
Pseudomonas phage DMS3,119953625,yes
Enterobacteria phage N4,119952179,yes
Yersinia phage Berlin,119637746,yes
Staphylococcus phage phiPVL108,119443652,yes
Staphylococcus phage phiNM3,118725053,yes
Ralstonia phage RSS1,118430711,yes
Thermus phage phiYS40,118197620,yes
Burkholderia prophage phi52237,117676329,yes
Microcystis phage Ma-LMM01,117530171,yes
Bacteriophage RB32,116326222,yes
Stx2-converting phage 86,116221992,yes
Lactococcus phage jj50,115315628,yes
Lactococcus phage 712,115315572,yes
Phormidium phage Pf-WMP4,115304338,yes
Lactococcus phage Q54,115304270,yes
Lactococcus phage P008,115304210,yes
Pseudomonas phage PRR1,113195172,yes
Bacteriophage SPP1,111146921,yes
Clostridium phage phiSM101,110804020,yes
Mycobacterium phage PBI1,109522776,yes
Mycobacterium phage PLot,109522567,yes
Mycobacterium phage PMC,109522084,yes
Mycobacterium phage Pipefish,109521840,yes
Mycobacterium phage Qyrzula,109521758,yes
Mycobacterium phage Catera,109393216,yes
Mycobacterium phage Che12,109392453,yes
Mycobacterium phage Cooper,109392353,yes
Mycobacterium phage Llij,109392186,yes
Mycobacterium phage Orion,109391846,yes
Pasteurella phage F108,109302896,yes
Mycobacterium phage 244,109302753,yes
Aeromonas phage 25,109289986,yes
Mannheimia phage phiMHaA1,109289936,yes
Enterobacteria phage K1-5,108861984,yes
Streptomyces phage mu1_6,93007408,yes
Vibrio phage KVP40,91214232,yes
Burkholderia phage BcepNazgul,91214206,yes
Clostridium phage phi CD119,90592637,yes
Lactobacillus phage KC5a,90592575,yes
Enterobacteria phage WA13,89888652,yes
Enterobacteria phage ID2 Moscow_ID_2001,89888607,yes
Enterobacteria phage ID18,89888094,yes
Sodalis phage phiSG1,89885981,yes
Pseudomonas phage F8,89158250,yes
Pseudomonas phage M6,89155211,yes
Pseudomonas phage PA11,89152533,yes
Pseudomonas phage 119X,89152532,yes
Pseudomonas phage 73,89152531,yes
Pseudomonas phage F10,89152530,yes
Bacillus phage Fah,89152479,yes
Bacillus phage WBeta,85701379,yes
Xanthomonas phage OP2,84662653,yes
Xanthomonas phage OP1,84662593,yes
Enterobacteria phage K1E,83571714,yes
Pseudomonas phage EL,82700933,yes
Enterobacteria phage RTP,81343928,yes
Clostridium phage c-st,80159686,yes
Lactobacillus phage Lc-Nu,77999988,yes
Burkholderia phage Bcep176,77864625,yes
Enterobacteria phage K1F,77118167,yes
Bacillus phage Aurora,77020191,yes
Bacillus phage Gamma,77020137,yes
Chlamydia phage 4,77020114,yes
Flavobacterium phage 11b,77020112,yes
Burkholderia cenocepacia phage BcepB1A,72257064,yes
Haloarcula phage SH1,71647259,yes
Stenotrophomonas phage phiSMA9,70727678,yes
Vibriophage VP4,68299727,yes
Staphylococcus phage 92,66396406,yes
Staphylococcus phage 88,66396333,yes
Staphylococcus phage 52A,66396267,yes
Staphylococcus phage 29,66396191,yes
Staphylococcus phage 55,66396113,yes
Staphylococcus phage 71,66396040,yes
Staphylococcus phage ROSA,66395965,yes
Staphylococcus phage 96,66395885,yes
Staphylococcus phage EW,66395807,yes
Staphylococcus phage 37,66395729,yes
Staphylococcus phage 47,66395656,yes
Staphylococcus phage 3A,66395588,yes
Staphylococcus phage 42e,66395508,yes
Staphylococcus phage 2638A,66395450,yes
Staphylococcus phage 53,66395370,yes
Staphylococcus phage 69,66395293,yes
Staphylococcus phage 187,66395215,yes
Staphylococcus phage 66,66395187,yes
Staphylococcus phage G1,66394949,yes
Staphylococcus phage 85,66394870,yes
Staphylococcus phage X2,66394670,yes
Xanthomonas phage Xp15,66392052,yes
Aeromonas phage 31,66391804,yes
Streptococcus phage 2972,66391759,yes
Enterobacteria phage RB43,66391451,yes
Staphylococcus phage Twort,66391255,yes
Listonella phage phiHSIC,62362363,yes
Enterobacteria phage ES18,62362213,yes
Bacillus phage GIL16c,62327519,yes
Lactobacillus phage phiJL-1,62327085,yes
Synechococcus phage S-PM2,58532811,yes
Enterobacteria phage M13,56718463,yes
Bacillus phage BCJA1c,56694869,yes
Lactobacillus phage LP65,56693048,yes
Pseudomonas phage F116,56692908,yes
Pseudomonas phage B3,56692568,yes
Streptomyces phage VWB,53869480,yes
Vibrio phage KSF-1phi,52221121,yes
Enterobacteria phage P22 virus,51236723,yes
Salmonella phage 118970_sal2,49248530,yes
Vibrio phage Vf33,49248521,yes
Actinoplanes phage phiAsp2,48697401,yes
Lactobacillus phage phiAT3,48697258,yes
Burkholderia phage BcepC6B,48697190,yes
Pseudomonas phage PaP2,48697070,yes
Burkholderia cenocepacia phage BcepMu,48696910,yes
Vibrio phage VP5,48696682,yes
Vibrio phage VP2,48696638,yes
Burkholderia phage Bcep43,47842848,yes
Burkholderia phage Bcep781,47835019,yes
Burkholderia phage Bcep1,47777280,yes
Staphylococcus phage phiSLT,47073736,yes
Klebsiella phage phiKO2,46402086,yes
Enterobacteria phage T5,46401737,yes
Enterobacteria phage P1,46401626,yes
Enterobacteria phage ST104,46358648,yes
Enterobacteria phage T1,45686283,yes
Lactococcus phage phiLC3,45597386,yes
Spiroplasma phage SVTS2,45597171,yes
Staphylococcus phage 77,41189515,yes
Bordetella phage BPP-1,41179361,yes
Lactobacillus prophage Lj928,41179287,yes
Lactobacillus prophage Lj965,41179217,yes
Enterobacteria phage PsP3,41057352,yes
Enterobacteria phage Sf6,41057278,yes
Streptomyces phage phiBT1,40806958,yes
Streptococcus prophage EJ-1,39653674,yes
Burkholderia phage phi1026b,38707890,yes
Enterobacteria phage Felix 01,38707640,yes
Bacillus phage Bam35c,38640276,yes
Aeromonas phage Aeh1,38639923,yes
Mycobacterium phage Gengar,38638403,yes
Pseudomonas phage D3112,38229112,yes
Aeromonas phage 44RR2.8t,37651481,yes
Yersinia phage PY54,33770508,yes
Enterobacteria phage RB49,33620426,yes
Pseudomonas phage phiKMV,33300811,yes
Streptococcus phage SM1,32469420,yes
Enterobacteria phage RB69,32453484,yes
Xanthomonas phage Xp10,32128412,yes
Enterobacteria phage SP6,31880044,yes
Bacteriophage Aaphi23,31543997,yes
Bacillus prophage phBC6A52,31415816,yes
Bacillus prophage phBC6A51,31415740,yes
Streptococcus phage C1,31072008,yes
Enterobacteria phage BP-4795,31044225,yes
Yersinia pestis phage phiA1122,30387453,yes
Lactococcus phage 4268,30089861,yes
Yersinia phage L-413C,30065704,yes
Staphylococcus prophage phiN315,30043925,yes
Vibrio phage VGJphi,30039743,yes
Rhodothermus phage RM378,30027774,yes
Bacteriophage PSA,29789895,yes
Mycobacterium phage Barnyard,29566975,yes
Mycobacterium phage Omega,29566737,yes
Mycobacterium phage Bxz1,29566511,yes
Mycobacterium phage Corndog,29566284,yes
Mycobacterium phage Rosebush,29566193,yes
Mycobacterium phage Che9c,29566108,yes
Mycobacterium phage Cjw1,29565879,yes
Staphylococcus phage phiP68,29565743,yes
Staphylococcus phage 44AHJD,29565721,yes
Pseudomonas phage gh-1,29366701,yes
Enterobacteria phage T4,29366675,yes
Streptococcus phage DT1,29165635,yes
Pseudomonas phage phiKZ,29134936,yes
Staphylococcus phage CNPx,29028667,yes
Staphylococcus phage SLPW,29028617,yes
Staphylococcus phage 11,29028563,yes
Streptococcus prophage 315.6,28876437,yes
Streptococcus prophage 315.5,28876381,yes
Streptococcus prophage 315.4,28876316,yes
Streptococcus pyogenes phage 315.3,28876263,yes
Streptococcus prophage 315.2,28876202,yes
Streptococcus prophage 315.1,28876145,yes
Acinetobacter phage AP205,28173057,yes
Vibrio phage VHML,27311175,yes
Vibrio phage VpV262,27151468,yes
Streptococcus phage MM1,26553442,yes
Vibrio phage VSK,26114633,yes
Enterobacteria phage ST64T,24371534,yes
Salmonella phage ST64B,23505445,yes
Streptococcus phage O1205,23455848,yes
Vibrio phage fs1,23455823,yes
Lactobacillus phage phig1e,23455771,yes
Lactococcus phage r1t,23455719,yes
Enterobacteria phage FI,23455713,yes
Pseudomonas phage phi-12 segment M,22855221,yes
Pseudomonas phage phi-12 segment S,22855216,yes
Pseudomonas phage phi12 segment L,22855209,yes
Pseudomonas phage phi13 segment L,22855204,yes
Pseudomonas phage phi-13 segment M,22855198,yes
Pseudomonas phage phi-13 segment S,22855193,yes
Bacillus phage B103,22855148,yes
Bacillus phage phi105,22854993,yes
Lactobacillus phage A2,22296522,yes
Lactococcus phage ul36,21716072,yes
Spiroplasma phage 1-C74,20514675,yes
Pseudomonas phage phi-6 segment M,20330569,yes
Pseudomonas phage phi-6 segment L,20330564,yes
Pseudomonas phage phi-6 segment S,20330558,yes
Clostridium phage phi3626,20065963,yes
Propionibacterium phage B5,19718349,yes
Enterobacteria phage SfV,19548987,yes
Spiroplasma phage 4,19387568,yes
Mycobacterium phage TM4,18496886,yes
Enterobacteria phage phiP27,18249864,yes
Sinorhizobium phage PBC5,18071213,yes
Haemophilus phage HP2,17981815,yes
Burkholderia phage phiE125,17975161,yes
Vibrio phage K139,17975105,yes
Pseudomonas phage phi8 segment S,17736965,yes
Pseudomonas phage phi-8 segment M,17736958,yes
Pseudomonas phage phi8 segment L,17736952,yes
Staphylococcus phage phiETA,17426228,yes
Pseudomonas phage phiCTX,17313217,yes
Listeria phage A118,16798783,yes
Myxococcus phage Mx8,15320570,yes
Lactococcus phage BK5-T,14251125,yes
Lactococcus phage TP901-1,13786531,yes
Enterobacteria phage HK620,13559823,yes
Lactococcus phage Tuc2009,13487801,yes
Lactococcus prophage bIL309,13095805,yes
Lactococcus prophage bIL286,13095743,yes
Lactococcus prophage bIL285,13095680,yes
Mycobacterium phage Bxb1,12657854,yes
Bacillus phage GA-1,12248100,yes
Bdellovibrio phage phiMH2K,12085135,yes
Roseophage SIO1,9964607,yes
Mycoplasma phage P1,9910036,yes
Chlamydia phage phiCPAR39,9791176,yes
Staphylococcus phage phiPV83,9635677,yes
Vibrio phage VfO4K68,9635478,yes
Vibrio phage VfO3K6,9635467,yes
Staphylococcus phage PVL proviral DNA,9635165,yes
Streptococcus phage Sfi11,9634983,yes
Chlamydia phage Chp2,9634948,yes
Streptococcus phage 7201,9634626,yes
Enterobacteria phage HK97,9634155,yes
Bacteriophage HK022,9634119,yes
Yersinia phage phiYeO3-12,9633990,yes
Acyrthosiphon pisum bacteriophage APSE-1,9633550,yes
Enterobacteria phage Mu,9633494,yes
Enterobacteria phage VT2-Sakai,9633396,yes
Lactobacillus prophage phiadh,9633000,yes
Streptococcus phage Sfi21,9632937,yes
Streptococcus phage Sfi19,9632893,yes
Pseudoalteromonas phage PM2,9632857,yes
Enterobacteria phage 933W,9632466,yes
Gokushovirinae Bog1183_53,9632287,yes
Vibrio phage fs2,9630761,yes
Enterobacteria phage If1,9630747,yes
Mycoplasma phage MAV1,9630710,yes
Lactococcus phage bIL170,9630566,yes
Bacteriophage N15,9630464,yes
Enterobacteria phage P2,9630327,yes
Enterobacteria phage Qbeta,9630317,yes
Bacillus phage SPBc2,9630125,yes
Lactococcus phage sk1,9629653,yes
Streptococcus phage Cp-1,9629524,yes
Chlamydia phage Chp1,9629143,yes
Lactococcus phage c2,9628660,yes
Haemophilus phage HP1,9628600,yes
Lactococcus phage bIL67,9627909,yes
Pseudomonas phage PP7,9627904,yes
Enterobacteria phage P4,9627507,yes
Enterobacteria phage T7,9627425,yes
Acholeplasma phage L2,9626510,yes
Enterobacteria phage GA,9626425,yes
Enterobacteria phage phiX174 sensu lato,9626372,yes
Pseudomonas phage Pf3,9626316,yes
Enterobacteria phage lambda,9626243,yes
Enterobacteria phage Ike,9626232,yes
Xanthomonas phage Cf1c,9626133,yes
Spiroplasma phage 1-R8A2B,9626109,yes
Acholeplasma phage MV-L1,9625557,yes
Mycobacterium phage L5,9625433,yes
Enterobacteria phage I2-2,9625381,yes
Pseudomonas phage Pf1,9625366,yes
Enterobacteria phage alpha3,9625355,yes
